Product_Name, Pricing, Ratings 
Apple iPhone XR (Black| 64 GB) (Includes EarPods| Power Adapter),Rs.43999,76,705
APPLE iPhone 11 (White| 64 GB),Rs.51999,34,325
APPLE iPhone 11 (Black| 64 GB),Rs.51999,34,325
APPLE iPhone 11 (Green| 64 GB),Rs.51999,34,325
Apple iPhone XR (Black| 128 GB) (Includes EarPods| Power Adapter),Rs.48999,76,705
APPLE iPhone 11 (Purple| 64 GB),Rs.51999,34,325
Apple iPhone XR (White| 128 GB) (Includes EarPods| Power Adapter),Rs.48999,76,705
APPLE iPhone 11 (White| 128 GB),Rs.56999,34,325
Apple iPhone XR ((PRODUCT)RED| 128 GB) (Includes EarPods| Power Adapter),Rs.48999,76,705
APPLE iPhone 11 (Black| 128 GB),Rs.56999,34,325
Apple iPhone XR (Coral| 128 GB) (Includes EarPods| Power Adapter),Rs.48999,76,705
APPLE iPhone 11 (Red| 64 GB),Rs.51999,34,325
APPLE iPhone 11 (Red| 128 GB),Rs.56999,34,325
Apple iPhone XR (White| 64 GB) (Includes EarPods| Power Adapter),Rs.43999,76,705
Apple iPhone XR (Coral| 64 GB) (Includes EarPods| Power Adapter),Rs.43999,76,705
Apple iPhone SE (Black| 256 GB) (Includes EarPods| Power Adapter),Rs.49999,92,145
Apple iPhone XR ((PRODUCT)RED| 64 GB) (Includes EarPods| Power Adapter),Rs.43999,76,705
APPLE iPhone 12 (White| 256 GB),Rs.94900No Cost ,1,819
APPLE iPhone SE (White| 64 GB),Rs.34999,92,145
APPLE iPhone 11 Pro (Midnight Green| 64 GB),Rs.82999,6,939
APPLE iPhone 11 (Yellow| 64 GB),Rs.51999,34,325
APPLE iPhone 12 Pro Max (Pacific Blue| 512 GB),Rs.159900No Cost ,537
APPLE iPhone 12 (Blue| 64 GB),Rs.79900No Cost ,1,819
Apple iPhone SE (Red| 256 GB) (Includes EarPods| Power Adapter),Rs.49999,92,145
